{
	"blush":"blush",
	"scream":"scream",
	"smirk":"smirk",
	"smiley":"smiley",
	"stuck_out_tongue_closed_eyes":"stuck_out_tongue_closed_eyes",
	"stuck_out_tongue_winking_eye":"stuck_out_tongue_winking_eye",
	"rage":"rage",
	"disappointed":"disappointed",
	"sob":"sob",
	"kissing_heart":"kissing_heart",
	"wink":"wink",
	"pensive":"pensive",
	"confounded":"confounded",
	"flushed":"flushed",
	"relaxed":"relaxed",
	"mask":"mask",
	"heart":"heart",
	"broken_heart":"broken_heart",
	"sunny":"sunny",
	"umbrella":"umbrella",
	"cloud":"cloud",
	"snowflake":"snowflake",
	"snowman":"snowman",
	"zap":"zap",
	"cyclone":"cyclone",
	"foggy":"foggy",
	"ocean":"ocean",
	"cat":"cat",
	"dog":"dog",
	"mouse":"mouse",
	"hamster":"hamster",
	"rabbit":"rabbit",
	"wolf":"wolf",
	"frog":"frog",
	"tiger":"tiger",
	"koala":"koala",
	"bear":"bear",
	"pig":"pig",
	"pig_nose":"pig_nose",
	"cow":"cow",
	"boar":"boar",
	"monkey_face":"monkey_face",
	"monkey":"monkey",
	"horse":"horse",
	"racehorse":"racehorse",
	"camel":"camel",
	"sheep":"sheep",
	"elephant":"elephant",
	"panda_face":"panda_face",
	"snake":"snake",
	"bird":"bird",
	"baby_chick":"baby_chick",
	"hatched_chick":"hatched_chick",
	"hatching_chick":"hatching_chick",
	"chicken":"chicken",
	"penguin":"penguin",
	"turtle":"turtle",
	"bug":"bug",
	"honeybee":"honeybee",
	"ant":"ant",
	"beetle":"beetle",
	"snail":"snail",
	"octopus":"octopus",
	"tropical_fish":"tropical_fish",
	"fish":"fish",
	"whale":"whale",
	"whale2":"whale2",
	"dolphin":"dolphin",
	"cow2":"cow2",
	"ram":"ram",
	"rat":"rat",
	"water_buffalo":"water_buffalo",
	"tiger2":"tiger2",
	"rabbit2":"rabbit2",
	"dragon":"dragon",
	"goat":"goat",
	"rooster":"rooster",
	"dog2":"dog2",
	"pig2":"pig2",
	"mouse2":"mouse2",
	"ox":"ox",
	"dragon_face":"dragon_face",
	"blowfish":"blowfish",
	"crocodile":"crocodile",
	"dromedary_camel":"dromedary_camel",
	"leopard":"leopard",
	"cat2":"cat2",
	"poodle":"poodle",
	"paw_prints":"paw_prints",
	"bouquet":"bouquet",
	"cherry_blossom":"cherry_blossom",
	"tulip":"tulip",
	"four_leaf_clover":"four_leaf_clover",
	"rose":"rose",
	"sunflower":"sunflower",
	"hibiscus":"hibiscus",
	"maple_leaf":"maple_leaf",
	"leaves":"leaves",
	"fallen_leaf":"fallen_leaf",
	"herb":"herb",
	"mushroom":"mushroom",
	"cactus":"cactus",
	"palm_tree":"palm_tree",
	"evergreen_tree":"evergreen_tree",
	"deciduous_tree":"deciduous_tree",
	"chestnut":"chestnut",
	"seedling":"seedling",
	"blossom":"blossom",
	"ear_of_rice":"ear_of_rice",
	"shell":"shell",
	"globe_with_meridians":"globe_with_meridians",
	"sun_with_face":"sun_with_face",
	"full_moon_with_face":"full_moon_with_face",
	"new_moon_with_face":"new_moon_with_face",
	"new_moon":"new_moon",
	"waxing_crescent_moon":"waxing_crescent_moon",
	"first_quarter_moon":"first_quarter_moon",
	"waxing_gibbous_moon":"waxing_gibbous_moon",
	"full_moon":"full_moon",
	"waning_gibbous_moon":"waning_gibbous_moon",
	"last_quarter_moon":"last_quarter_moon",
	"waning_crescent_moon":"waning_crescent_moon",
	"last_quarter_moon_with_face":"last_quarter_moon_with_face",
	"first_quarter_moon_with_face":"first_quarter_moon_with_face",
	"moon":"moon",
	"earth_africa":"earth_africa",
	"earth_americas":"earth_americas",
	"earth_asia":"earth_asia",
	"volcano":"volcano",
	"milky_way":"milky_way",
	"partly_sunny":"partly_sunny",
	"octocat":"octocat",
	"squirrel":"squirrel",
	"bamboo":"bamboo",
	"gift_heart":"gift_heart",
	"dolls":"dolls",
	"school_satchel":"school_satchel",
	"mortar_board":"mortar_board",
	"flags":"flags",
	"fireworks":"fireworks",
	"sparkler":"sparkler",
	"wind_chime":"wind_chime",
	"rice_scene":"rice_scene",
	"jack_o_lantern":"jack_o_lantern",
	"ghost":"ghost",
	"santa":"santa",
	"christmas_tree":"christmas_tree",
	"gift":"gift",
	"bell":"bell",
	"no_bell":"no_bell",
	"tanabata_tree":"tanabata_tree",
	"tada":"tada",
	"confetti_ball":"confetti_ball",
	"balloon":"balloon",
	"crystal_ball":"crystal_ball",
	"cd":"cd",
	"dvd":"dvd",
	"floppy_disk":"floppy_disk",
	"camera":"camera",
	"video_camera":"video_camera",
	"movie_camera":"movie_camera",
	"computer":"computer",
	"tv":"tv",
	"iphone":"iphone",
	"phone":"phone",
	"telephone":"telephone",
	"telephone_receiver":"telephone_receiver",
	"pager":"pager",
	"fax":"fax",
	"minidisc":"minidisc",
	"vhs":"vhs",
	"sound":"sound",
	"speaker":"speaker",
	"mute":"mute",
	"loudspeaker":"loudspeaker",
	"mega":"mega",
	"hourglass":"hourglass",
	"hourglass_flowing_sand":"hourglass_flowing_sand",
	"alarm_clock":"alarm_clock",
	"watch":"watch",
	"radio":"radio",
	"satellite":"satellite",
	"loop":"loop",
	"mag":"mag",
	"mag_right":"mag_right",
	"unlock":"unlock",
	"lock":"lock",
	"lock_with_ink_pen":"lock_with_ink_pen",
	"closed_lock_with_key":"closed_lock_with_key",
	"key":"key",
	"bulb":"bulb",
	"flashlight":"flashlight",
	"high_brightness":"high_brightness",
	"low_brightness":"low_brightness",
	"electric_plug":"electric_plug",
	"battery":"battery",
	"calling":"calling",
	"email":"email",
	"mailbox":"mailbox",
	"postbox":"postbox",
	"bath":"bath",
	"bathtub":"bathtub",
	"shower":"shower",
	"toilet":"toilet",
	"wrench":"wrench",
	"nut_and_bolt":"nut_and_bolt",
	"hammer":"hammer",
	"seat":"seat",
	"moneybag":"moneybag",
	"yen":"yen",
	"dollar":"dollar",
	"pound":"pound",
	"euro":"euro",
	"credit_card":"credit_card",
	"money_with_wings":"money_with_wings",
	"e-mail":"e-mail",
	"inbox_tray":"inbox_tray",
	"outbox_tray":"outbox_tray",
	"envelope":"envelope",
	"incoming_envelope":"incoming_envelope",
	"postal_horn":"postal_horn",
	"mailbox_closed":"mailbox_closed",
	"mailbox_with_mail":"mailbox_with_mail",
	"mailbox_with_no_mail":"mailbox_with_no_mail",
	"door":"door",
	"smoking":"smoking",
	"bomb":"bomb",
	"gun":"gun",
	"hocho":"hocho",
	"pill":"pill",
	"syringe":"syringe",
	"page_facing_up":"page_facing_up",
	"page_with_curl":"page_with_curl",
	"bookmark_tabs":"bookmark_tabs",
	"bar_chart":"bar_chart",
	"chart_with_upwards_trend":"chart_with_upwards_trend",
	"chart_with_downwards_trend":"chart_with_downwards_trend",
	"scroll":"scroll",
	"clipboard":"clipboard",
	"calendar":"calendar",
	"date":"date",
	"card_index":"card_index",
	"file_folder":"file_folder",
	"open_file_folder":"open_file_folder",
	"scissors":"scissors",
	"pushpin":"pushpin",
	"paperclip":"paperclip",
	"black_nib":"black_nib",
	"pencil2":"pencil2",
	"straight_ruler":"straight_ruler",
	"triangular_ruler":"triangular_ruler",
	"closed_book":"closed_book",
	"green_book":"green_book",
	"blue_book":"blue_book",
	"orange_book":"orange_book",
	"notebook":"notebook",
	"notebook_with_decorative_cover":"notebook_with_decorative_cover",
	"ledger":"ledger",
	"books":"books",
	"bookmark":"bookmark",
	"name_badge":"name_badge",
	"microscope":"microscope",
	"telescope":"telescope",
	"newspaper":"newspaper",
	"football":"football",
	"basketball":"basketball",
	"soccer":"soccer",
	"baseball":"baseball",
	"tennis":"tennis",
	"8ball":"8ball",
	"rugby_football":"rugby_football",
	"bowling":"bowling",
	"golf":"golf",
	"mountain_bicyclist":"mountain_bicyclist",
	"bicyclist":"bicyclist",
	"horse_racing":"horse_racing",
	"snowboarder":"snowboarder",
	"swimmer":"swimmer",
	"surfer":"surfer",
	"ski":"ski",
	"spades":"spades",
	"hearts":"hearts",
	"clubs":"clubs",
	"diamonds":"diamonds",
	"gem":"gem",
	"ring":"ring",
	"trophy":"trophy",
	"musical_score":"musical_score",
	"musical_keyboard":"musical_keyboard",
	"violin":"violin",
	"space_invader":"space_invader",
	"video_game":"video_game",
	"black_joker":"black_joker",
	"flower_playing_cards":"flower_playing_cards",
	"game_die":"game_die",
	"dart":"dart",
	"mahjong":"mahjong",
	"clapper":"clapper",
	"memo":"memo",
	"pencil":"pencil",
	"book":"book",
	"art":"art",
	"microphone":"microphone",
	"headphones":"headphones",
	"trumpet":"trumpet",
	"saxophone":"saxophone",
	"guitar":"guitar",
	"shoe":"shoe",
	"sandal":"sandal",
	"high_heel":"high_heel",
	"lipstick":"lipstick",
	"boot":"boot",
	"shirt":"shirt",
	"tshirt":"tshirt",
	"necktie":"necktie",
	"womans_clothes":"womans_clothes",
	"dress":"dress",
	"running_shirt_with_sash":"running_shirt_with_sash",
	"jeans":"jeans",
	"kimono":"kimono",
	"bikini":"bikini",
	"ribbon":"ribbon",
	"tophat":"tophat",
	"crown":"crown",
	"womans_hat":"womans_hat",
	"mans_shoe":"mans_shoe",
	"closed_umbrella":"closed_umbrella",
	"briefcase":"briefcase",
	"handbag":"handbag",
	"pouch":"pouch",
	"purse":"purse",
	"eyeglasses":"eyeglasses",
	"fishing_pole_and_fish":"fishing_pole_and_fish",
	"coffee":"coffee",
	"tea":"tea",
	"sake":"sake",
	"baby_bottle":"baby_bottle",
	"beer":"beer",
	"beers":"beers",
	"cocktail":"cocktail",
	"tropical_drink":"tropical_drink",
	"wine_glass":"wine_glass",
	"fork_and_knife":"fork_and_knife",
	"pizza":"pizza",
	"hamburger":"hamburger",
	"fries":"fries",
	"poultry_leg":"poultry_leg",
	"meat_on_bone":"meat_on_bone",
	"spaghetti":"spaghetti",
	"curry":"curry",
	"fried_shrimp":"fried_shrimp",
	"bento":"bento",
	"sushi":"sushi",
	"fish_cake":"fish_cake",
	"rice_ball":"rice_ball",
	"rice_cracker":"rice_cracker",
	"rice":"rice",
	"ramen":"ramen",
	"stew":"stew",
	"oden":"oden",
	"dango":"dango",
	"egg":"egg",
	"bread":"bread",
	"doughnut":"doughnut",
	"custard":"custard",
	"icecream":"icecream",
	"ice_cream":"ice_cream",
	"shaved_ice":"shaved_ice",
	"birthday":"birthday",
	"cake":"cake",
	"cookie":"cookie",
	"chocolate_bar":"chocolate_bar",
	"candy":"candy",
	"lollipop":"lollipop",
	"honey_pot":"honey_pot",
	"apple":"apple",
	"green_apple":"green_apple",
	"tangerine":"tangerine",
	"lemon":"lemon",
	"cherries":"cherries",
	"grapes":"grapes",
	"watermelon":"watermelon",
	"strawberry":"strawberry",
	"peach":"peach",
	"melon":"melon",
	"banana":"banana",
	"pear":"pear",
	"pineapple":"pineapple",
	"sweet_potato":"sweet_potato",
	"eggplant":"eggplant",
	"tomato":"tomato",
	"corn":"corn",
	"alien":"alien",
	"angel":"angel",
	"anger":"anger",
	"angry":"angry",
	"anguished":"anguished",
	"astonished":"astonished",
	"baby":"baby",
	"blue_heart":"blue_heart",
	"blush":"blush",
	"boom":"boom",
	"bow":"bow",
	"bowtie":"bowtie",
	"boy":"boy",
	"bride_with_veil":"bride_with_veil",
	"broken_heart":"broken_heart",
	"bust_in_silhouette":"bust_in_silhouette",
	"busts_in_silhouette":"busts_in_silhouette",
	"clap":"clap",
	"cold_sweat":"cold_sweat",
	"collision":"collision",
	"confounded":"confounded",
	"confused":"confused",
	"construction_worker":"construction_worker",
	"cop":"cop",
	"couple_with_heart":"couple_with_heart",
	"couple":"couple",
	"couplekiss":"couplekiss",
	"cry":"cry",
	"crying_cat_face":"crying_cat_face",
	"cupid":"cupid",
	"dancer":"dancer",
	"dancers":"dancers",
	"dash":"dash",
	"disappointed":"disappointed",
	"dizzy_face":"dizzy_face",
	"dizzy":"dizzy",
	"droplet":"droplet",
	"ear":"ear",
	"exclamation":"exclamation",
	"expressionless":"expressionless",
	"eyes":"eyes",
	"facepunch":"facepunch",
	"family":"family",
	"fearful":"fearful",
	"feelsgood":"feelsgood",
	"feet":"feet",
	"finnadie":"finnadie",
	"fire":"fire",
	"fist":"fist",
	"flushed":"flushed",
	"frowning":"frowning",
	"girl":"girl",
	"goberserk":"goberserk",
	"godmode":"godmode",
	"green_heart":"green_heart",
	"grey_exclamation":"grey_exclamation",
	"grey_question":"grey_question",
	"grimacing":"grimacing",
	"grin":"grin",
	"grinning":"grinning",
	"guardsman":"guardsman",
	"haircut":"haircut",
	"hand":"hand",
	"hankey":"hankey",
	"hear_no_evil":"hear_no_evil",
	"heart_eyes_cat":"heart_eyes_cat",
	"heart_eyes":"heart_eyes",
	"heart":"heart",
	"heartbeat":"heartbeat",
	"heartpulse":"heartpulse",
	"hurtrealbad":"hurtrealbad",
	"hushed":"hushed",
	"imp":"imp",
	"information_desk_person":"information_desk_person",
	"innocent":"innocent",
	"japanese_goblin":"japanese_goblin",
	"japanese_ogre":"japanese_ogre",
	"joy_cat":"joy_cat",
	"joy":"joy",
	"kiss":"kiss",
	"kissing_cat":"kissing_cat",
	"kissing_closed_eyes":"kissing_closed_eyes",
	"kissing_heart":"kissing_heart",
	"kissing_smiling_eyes":"kissing_smiling_eyes",
	"kissing":"kissing",
	"laughing":"laughing",
	"lips":"lips",
	"love_letter":"love_letter",
	"man_with_gua_pi_mao":"man_with_gua_pi_mao",
	"man_with_turban":"man_with_turban",
	"man":"man",
	"mask":"mask",
	"massage":"massage",
	"metal":"metal",
	"muscle":"muscle",
	"musical_note":"musical_note",
	"nail_care":"nail_care",
	"neckbeard":"neckbeard",
	"neutral_face":"neutral_face",
	"no_good":"no_good",
	"no_mouth":"no_mouth",
	"nose":"nose",
	"notes":"notes",
	"ok_hand":"ok_hand",
	"ok_woman":"ok_woman",
	"older_man":"older_man",
	"older_woman":"older_woman",
	"open_hands":"open_hands",
	"open_mouth":"open_mouth",
	"pensive":"pensive",
	"persevere":"persevere",
	"person_frowning":"person_frowning",
	"person_with_blond_hair":"person_with_blond_hair",
	"person_with_pouting_face":"person_with_pouting_face",
	"point_down":"point_down",
	"point_left":"point_left",
	"point_right":"point_right",
	"point_up_2":"point_up_2",
	"point_up":"point_up",
	"poop":"poop",
	"pouting_cat":"pouting_cat",
	"pray":"pray",
	"princess":"princess",
	"punch":"punch",
	"purple_heart":"purple_heart",
	"question":"question",
	"rage":"rage",
	"rage1":"rage1",
	"rage2":"rage2",
	"rage3":"rage3",
	"rage4":"rage4",
	"raised_hand":"raised_hand",
	"raised_hands":"raised_hands",
	"relaxed":"relaxed",
	"relieved":"relieved",
	"revolving_hearts":"revolving_hearts",
	"runner":"runner",
	"running":"running",
	"satisfied":"satisfied",
	"scream_cat":"scream_cat",
	"scream":"scream",
	"see_no_evil":"see_no_evil",
	"shit":"shit",
	"skull":"skull",
	"sleeping":"sleeping",
	"sleepy":"sleepy",
	"smile_cat":"smile_cat",
	"smile":"smile",
	"smiley_cat":"smiley_cat",
	"smiley":"smiley",
	"smiling_imp":"smiling_imp",
	"smirk_cat":"smirk_cat",
	"smirk":"smirk",
	"sob":"sob",
	"sparkling_heart":"sparkling_heart",
	"sparkles":"sparkles",
	"speak_no_evil":"speak_no_evil",
	"speech_balloon":"speech_balloon",
	"star":"star",
	"star2":"star2",
	"stuck_out_tongue_closed_eyes":"stuck_out_tongue_closed_eyes",
	"stuck_out_tongue_winking_eye":"stuck_out_tongue_winking_eye",
	"stuck_out_tongue":"stuck_out_tongue",
	"sunglasses":"sunglasses",
	"suspect":"suspect",
	"sweat_drops":"sweat_drops",
	"sweat_smile":"sweat_smile",
	"sweat":"sweat",
	"thought_balloon":"thought_balloon",
	"-1":"-1",
	"thumbsdown":"thumbsdown",
	"thumbsup":"thumbsup",
	"+1":"+1",
	"tired_face":"tired_face",
	"tongue":"tongue",
	"triumph":"triumph",
	"trollface":"trollface",
	"two_hearts":"two_hearts",
	"two_men_holding_hands":"two_men_holding_hands",
	"two_women_holding_hands":"two_women_holding_hands",
	"unamused":"unamused",
	"v":"v",
	"walking":"walking",
	"wave":"wave",
	"weary":"weary",
	"wink2":"wink2",
	"wink":"wink",
	"woman":"woman",
	"worried":"worried",
	"yellow_heart":"yellow_heart",
	"yum":"yum",
	"zzz":"zzz",
	"109":"109",
	"house":"house",
	"house_with_garden":"house_with_garden",
	"school":"school",
	"office":"office",
	"post_office":"post_office",
	"hospital":"hospital",
	"bank":"bank",
	"convenience_store":"convenience_store",
	"love_hotel":"love_hotel",
	"hotel":"hotel",
	"wedding":"wedding",
	"church":"church",
	"department_store":"department_store",
	"european_post_office":"european_post_office",
	"city_sunrise":"city_sunrise",
	"city_sunset":"city_sunset",
	"japanese_castle":"japanese_castle",
	"european_castle":"european_castle",
	"tent":"tent",
	"factory":"factory",
	"tokyo_tower":"tokyo_tower",
	"japan":"japan",
	"mount_fuji":"mount_fuji",
	"sunrise_over_mountains":"sunrise_over_mountains",
	"sunrise":"sunrise",
	"stars":"stars",
	"statue_of_liberty":"statue_of_liberty",
	"bridge_at_night":"bridge_at_night",
	"carousel_horse":"carousel_horse",
	"rainbow":"rainbow",
	"ferris_wheel":"ferris_wheel",
	"fountain":"fountain",
	"roller_coaster":"roller_coaster",
	"ship":"ship",
	"speedboat":"speedboat",
	"boat":"boat",
	"sailboat":"sailboat",
	"rowboat":"rowboat",
	"anchor":"anchor",
	"rocket":"rocket",
	"airplane":"airplane",
	"helicopter":"helicopter",
	"steam_locomotive":"steam_locomotive",
	"tram":"tram",
	"mountain_railway":"mountain_railway",
	"bike":"bike",
	"aerial_tramway":"aerial_tramway",
	"suspension_railway":"suspension_railway",
	"mountain_cableway":"mountain_cableway",
	"tractor":"tractor",
	"blue_car":"blue_car",
	"oncoming_automobile":"oncoming_automobile",
	"car":"car",
	"red_car":"red_car",
	"taxi":"taxi",
	"oncoming_taxi":"oncoming_taxi",
	"articulated_lorry":"articulated_lorry",
	"bus":"bus",
	"oncoming_bus":"oncoming_bus",
	"rotating_light":"rotating_light",
	"police_car":"police_car",
	"oncoming_police_car":"oncoming_police_car",
	"fire_engine":"fire_engine",
	"ambulance":"ambulance",
	"minibus":"minibus",
	"truck":"truck",
	"train":"train",
	"station":"station",
	"train2":"train2",
	"bullettrain_front":"bullettrain_front",
	"bullettrain_side":"bullettrain_side",
	"light_rail":"light_rail",
	"monorail":"monorail",
	"railway_car":"railway_car",
	"trolleybus":"trolleybus",
	"ticket":"ticket",
	"fuelpump":"fuelpump",
	"vertical_traffic_light":"vertical_traffic_light",
	"traffic_light":"traffic_light",
	"warning":"warning",
	"construction":"construction",
	"beginner":"beginner",
	"atm":"atm",
	"slot_machine":"slot_machine",
	"busstop":"busstop",
	"barber":"barber",
	"hotsprings":"hotsprings",
	"checkered_flag":"checkered_flag",
	"crossed_flags":"crossed_flags",
	"izakaya_lantern":"izakaya_lantern",
	"moyai":"moyai",
	"circus_tent":"circus_tent",
	"performing_arts":"performing_arts",
	"round_pushpin":"round_pushpin",
	"triangular_flag_on_post":"triangular_flag_on_post",
	"jp":"jp",
	"kr":"kr",
	"cn":"cn",
	"us":"us",
	"fr":"fr",
	"es":"es",
	"it":"it",
	"ru":"ru",
	"gb":"gb",
	"uk":"uk",
	"de":"de",
	"100":"100",
	"1234":"1234",
	"one":"one",
	"two":"two",
	"three":"three",
	"four":"four",
	"five":"five",
	"six":"six",
	"seven":"seven",
	"eight":"eight",
	"nine":"nine",
	"keycap_ten":"keycap_ten",
	"zero":"zero",
	"hash":"hash",
	"symbols":"symbols",
	"arrow_backward":"arrow_backward",
	"arrow_down":"arrow_down",
	"arrow_forward":"arrow_forward",
	"arrow_left":"arrow_left",
	"capital_abcd":"capital_abcd",
	"abcd":"abcd",
	"abc":"abc",
	"arrow_lower_left":"arrow_lower_left",
	"arrow_lower_right":"arrow_lower_right",
	"arrow_right":"arrow_right",
	"arrow_up":"arrow_up",
	"arrow_upper_left":"arrow_upper_left",
	"arrow_upper_right":"arrow_upper_right",
	"arrow_double_down":"arrow_double_down",
	"arrow_double_up":"arrow_double_up",
	"arrow_down_small":"arrow_down_small",
	"arrow_heading_down":"arrow_heading_down",
	"arrow_heading_up":"arrow_heading_up",
	"leftwards_arrow_with_hook":"leftwards_arrow_with_hook",
	"arrow_right_hook":"arrow_right_hook",
	"left_right_arrow":"left_right_arrow",
	"arrow_up_down":"arrow_up_down",
	"arrow_up_small":"arrow_up_small",
	"arrows_clockwise":"arrows_clockwise",
	"arrows_counterclockwise":"arrows_counterclockwise",
	"rewind":"rewind",
	"fast_forward":"fast_forward",
	"information_source":"information_source",
	"ok":"ok",
	"twisted_rightwards_arrows":"twisted_rightwards_arrows",
	"repeat":"repeat",
	"repeat_one":"repeat_one",
	"new":"new",
	"top":"top",
	"up":"up",
	"cool":"cool",
	"free":"free",
	"ng":"ng",
	"cinema":"cinema",
	"koko":"koko",
	"signal_strength":"signal_strength",
	"u5272":"u5272",
	"u5408":"u5408",
	"u55b6":"u55b6",
	"u6307":"u6307",
	"u6708":"u6708",
	"u6709":"u6709",
	"u6e80":"u6e80",
	"u7121":"u7121",
	"u7533":"u7533",
	"u7a7a":"u7a7a",
	"u7981":"u7981",
	"sa":"sa",
	"restroom":"restroom",
	"mens":"mens",
	"womens":"womens",
	"baby_symbol":"baby_symbol",
	"no_smoking":"no_smoking",
	"parking":"parking",
	"wheelchair":"wheelchair",
	"metro":"metro",
	"baggage_claim":"baggage_claim",
	"accept":"accept",
	"wc":"wc",
	"potable_water":"potable_water",
	"put_litter_in_its_place":"put_litter_in_its_place",
	"secret":"secret",
	"congratulations":"congratulations",
	"m":"m",
	"passport_control":"passport_control",
	"left_luggage":"left_luggage",
	"customs":"customs",
	"ideograph_advantage":"ideograph_advantage",
	"cl":"cl",
	"sos":"sos",
	"id":"id",
	"no_entry_sign":"no_entry_sign",
	"underage":"underage",
	"no_mobile_phones":"no_mobile_phones",
	"do_not_litter":"do_not_litter",
	"non-potable_water":"non-potable_water",
	"no_bicycles":"no_bicycles",
	"no_pedestrians":"no_pedestrians",
	"children_crossing":"children_crossing",
	"no_entry":"no_entry",
	"eight_spoked_asterisk":"eight_spoked_asterisk",
	"eight_pointed_black_star":"eight_pointed_black_star",
	"heart_decoration":"heart_decoration",
	"vs":"vs",
	"vibration_mode":"vibration_mode",
	"mobile_phone_off":"mobile_phone_off",
	"chart":"chart",
	"currency_exchange":"currency_exchange",
	"aries":"aries",
	"taurus":"taurus",
	"gemini":"gemini",
	"cancer":"cancer",
	"leo":"leo",
	"virgo":"virgo",
	"libra":"libra",
	"scorpius":"scorpius",
	"sagittarius":"sagittarius",
	"capricorn":"capricorn",
	"aquarius":"aquarius",
	"pisces":"pisces",
	"ophiuchus":"ophiuchus",
	"six_pointed_star":"six_pointed_star",
	"negative_squared_cross_mark":"negative_squared_cross_mark",
	"a":"a",
	"b":"b",
	"ab":"ab",
	"o2":"o2",
	"diamond_shape_with_a_dot_inside":"diamond_shape_with_a_dot_inside",
	"recycle":"recycle",
	"end":"end",
	"on":"on",
	"soon":"soon",
	"clock1":"clock1",
	"clock130":"clock130",
	"clock10":"clock10",
	"clock1030":"clock1030",
	"clock11":"clock11",
	"clock1130":"clock1130",
	"clock12":"clock12",
	"clock1230":"clock1230",
	"clock2":"clock2",
	"clock230":"clock230",
	"clock3":"clock3",
	"clock330":"clock330",
	"clock4":"clock4",
	"clock430":"clock430",
	"clock5":"clock5",
	"clock530":"clock530",
	"clock6":"clock6",
	"clock630":"clock630",
	"clock7":"clock7",
	"clock730":"clock730",
	"clock8":"clock8",
	"clock830":"clock830",
	"clock9":"clock9",
	"clock930":"clock930",
	"heavy_dollar_sign":"heavy_dollar_sign",
	"copyright":"copyright",
	"registered":"registered",
	"tm":"tm",
	"x":"x",
	"heavy_exclamation_mark":"heavy_exclamation_mark",
	"bangbang":"bangbang",
	"interrobang":"interrobang",
	"o":"o",
	"heavy_multiplication_x":"heavy_multiplication_x",
	"heavy_plus_sign":"heavy_plus_sign",
	"heavy_minus_sign":"heavy_minus_sign",
	"heavy_division_sign":"heavy_division_sign",
	"white_flower":"white_flower",
	"heavy_check_mark":"heavy_check_mark",
	"ballot_box_with_check":"ballot_box_with_check",
	"radio_button":"radio_button",
	"link":"link",
	"curly_loop":"curly_loop",
	"wavy_dash":"wavy_dash",
	"part_alternation_mark":"part_alternation_mark",
	"trident":"trident",
	"black_square":"black_square",
	"white_square":"white_square",
	"white_check_mark":"white_check_mark",
	"black_square_button":"black_square_button",
	"white_square_button":"white_square_button",
	"black_circle":"black_circle",
	"white_circle":"white_circle",
	"red_circle":"red_circle",
	"large_blue_circle":"large_blue_circle",
	"large_blue_diamond":"large_blue_diamond",
	"large_orange_diamond":"large_orange_diamond",
	"small_blue_diamond":"small_blue_diamond",
	"small_orange_diamond":"small_orange_diamond",
	"small_red_triangle":"small_red_triangle",
	"small_red_triangle_down":"small_red_triangle_down",
	"shipit":"shipit"
}